partida,desc,año,valor,desc_corta,tipo,subtipo_agro
6109100031,"T-SHIRTDE ALGODON P HOMB.O MUJ.,D TEJ.TEÑIDO D UN SOLO COLOR UNIF.INCL.BLANQLEADOS",2000-01-01,117.84622811,Polo de algodón,Textil,Textil
2005600000,"ESPARRAGOS PREPARADOS O CONSERVADOS, SIN CONGELAR",2000-01-01,81.5472305400001,Espárragos preparados,Agro,Espárragos
709200000,"ESPARRAGOS, FRESCOS O REFRIGERADOS",2000-01-01,53.7980659299999,Espárragos frescos,Agro,Espárragos
7408110000,ALAMBRE DE COBRE REFINADO CON LA MAYOR DIMENSION DE LA SECCION TRANSV. SUP. A 6 MM,2000-01-01,51.433323789999996,Alambre de cobre,Minería,Minería
5105300000,PELO FINO CARDADO O PEINADO,2000-01-01,43.73715319,Pelo fino,Textil,Textil
6105100041,"CAMISAS D PTO.ALG.C/ABERT.DEL.PARC.,C.Y PUÑ.DE TEJ.ACAN.P HOMB.,TEÑIDO D UN SOLO COLO",2000-01-01,42.39289747,Camisas algodón - H,Textil,Textil
7901200000,ALEACIONES DE CINC,2000-01-01,41.96481761,Aleaciones de zinc,Minería,Minería
4407240000,"MADERA ASERRADA DE VIROLA, MAHOGANY (SWIETENIA SPP.), IMBUIA Y BALSA",2000-01-01,40.06819464,Madera aserrada,Madera,Madera
7113190000,"ART. DE JOYERIA DE LOS DEMAS METALES PRECIOSOS, INCLUSO REVESTIDOS O CHAPADOS",2000-01-01,36.39933147,Joyería,Minería,Minería
307490000,"DEMAS JIBIAS, GLOBITOS,CALAMARES Y POTAS, CONGELADAS, SECAS, SALADAS O EN SALMUERA",2000-01-01,33.56551384,Demás calamares cong.,Molusco,Molusco
6109100031,"T-SHIRTDE ALGODON P HOMB.O MUJ.,D TEJ.TEÑIDO D UN SOLO COLOR UNIF.INCL.BLANQLEADOS",2001-01-01,82.6083064699997,Polo de algodón,Textil,Textil
2005600000,"ESPARRAGOS PREPARADOS O CONSERVADOS, SIN CONGELAR",2001-01-01,79.91140293000001,Espárragos preparados,Agro,Espárragos
709200000,"ESPARRAGOS, FRESCOS O REFRIGERADOS",2001-01-01,63.4357369900001,Espárragos frescos,Agro,Espárragos
7113190000,"ART. DE JOYERIA DE LOS DEMAS METALES PRECIOSOS, INCLUSO REVESTIDOS O CHAPADOS",2001-01-01,42.33743827,Joyería,Minería,Minería
4407240000,"MADERA ASERRADA DE VIROLA, MAHOGANY (SWIETENIA SPP.), IMBUIA Y BALSA",2001-01-01,42.0404962,Madera aserrada,Madera,Madera
7408110000,ALAMBRE DE COBRE REFINADO CON LA MAYOR DIMENSION DE LA SECCION TRANSV. SUP. A 6 MM,2001-01-01,38.667267869999996,Alambre de cobre,Minería,Minería
307490000,"DEMAS JIBIAS, GLOBITOS,CALAMARES Y POTAS, CONGELADAS, SECAS, SALADAS O EN SALMUERA",2001-01-01,38.4806847600001,Demás calamares cong.,Molusco,Molusco
7901200000,ALEACIONES DE CINC,2001-01-01,35.64819038,Aleaciones de zinc,Minería,Minería
6105100041,"CAMISAS D PTO.ALG.C/ABERT.DEL.PARC.,C.Y PUÑ.DE TEJ.ACAN.P HOMB.,TEÑIDO D UN SOLO COLO",2001-01-01,33.37138746,Camisas algodón - H,Textil,Textil
6110200030,SUETERES (JERSEYS) DE ALGODON,2001-01-01,30.94762604,Suéteres de algodón,Textil,Textil
6109100031,"T-SHIRTDE ALGODON P HOMB.O MUJ.,D TEJ.TEÑIDO D UN SOLO COLOR UNIF.INCL.BLANQLEADOS",2002-01-01,101.6874038,Polo de algodón,Textil,Textil
2005600000,"ESPARRAGOS PREPARADOS O CONSERVADOS, SIN CONGELAR",2002-01-01,85.17655056999999,Espárragos preparados,Agro,Espárragos
709200000,"ESPARRAGOS, FRESCOS O REFRIGERADOS",2002-01-01,82.97832967000019,Espárragos frescos,Agro,Espárragos
4407240000,"MADERA ASERRADA DE VIROLA, MAHOGANY (SWIETENIA SPP.), IMBUIA Y BALSA",2002-01-01,65.57548290999999,Madera aserrada,Madera,Madera
7113190000,"ART. DE JOYERIA DE LOS DEMAS METALES PRECIOSOS, INCLUSO REVESTIDOS O CHAPADOS",2002-01-01,49.238230189999996,Joyería,Minería,Minería
307490000,"DEMAS JIBIAS, GLOBITOS,CALAMARES Y POTAS, CONGELADAS, SECAS, SALADAS O EN SALMUERA",2002-01-01,46.2679216700001,Demás calamares cong.,Molusco,Molusco
7408110000,ALAMBRE DE COBRE REFINADO CON LA MAYOR DIMENSION DE LA SECCION TRANSV. SUP. A 6 MM,2002-01-01,43.26419394,Alambre de cobre,Minería,Minería
3923309000,"LOS DEMAS BOMBONAS, BOTELLAS, FRASCOS Y ARTICULOS SIMILARES",2002-01-01,40.78754693,Demás bombonas,Manufactura,Manufactura
6105100041,"CAMISAS D PTO.ALG.C/ABERT.DEL.PARC.,C.Y PUÑ.DE TEJ.ACAN.P HOMB.,TEÑIDO D UN SOLO COLO",2002-01-01,40.716143509999995,Camisas algodón - H,Textil,Textil
6109100039,"LOS DEMAS ""T-SHIRTS"" DE ALGODON, PARA HOMBRES O MUJERES",2002-01-01,36.29946563,Demás polos,Textil,Textil
6109100031,"T-SHIRTDE ALGODON P HOMB.O MUJ.,D TEJ.TEÑIDO D UN SOLO COLOR UNIF.INCL.BLANQLEADOS",2003-01-01,125.40754815999999,Polo de algodón,Textil,Textil
709200000,"ESPARRAGOS, FRESCOS O REFRIGERADOS",2003-01-01,108.33854886,Espárragos frescos,Agro,Espárragos
2005600000,"ESPARRAGOS PREPARADOS O CONSERVADOS, SIN CONGELAR",2003-01-01,82.2029178600002,Espárragos preparados,Agro,Espárragos
307490000,"DEMAS JIBIAS, GLOBITOS,CALAMARES Y POTAS, CONGELADAS, SECAS, SALADAS O EN SALMUERA",2003-01-01,68.18309869,Demás calamares cong.,Molusco,Molusco
4407240000,"MADERA ASERRADA DE VIROLA, MAHOGANY (SWIETENIA SPP.), IMBUIA Y BALSA",2003-01-01,56.688589799999995,Madera aserrada,Madera,Madera
7113190000,"ART. DE JOYERIA DE LOS DEMAS METALES PRECIOSOS, INCLUSO REVESTIDOS O CHAPADOS",2003-01-01,56.148462380000005,Joyería,Minería,Minería
6105100041,"CAMISAS D PTO.ALG.C/ABERT.DEL.PARC.,C.Y PUÑ.DE TEJ.ACAN.P HOMB.,TEÑIDO D UN SOLO COLO",2003-01-01,54.976686369999996,Camisas algodón - H,Textil,Textil
7408110000,ALAMBRE DE COBRE REFINADO CON LA MAYOR DIMENSION DE LA SECCION TRANSV. SUP. A 6 MM,2003-01-01,43.75818221,Alambre de cobre,Minería,Minería
6109100039,"LOS DEMAS ""T-SHIRTS"" DE ALGODON, PARA HOMBRES O MUJERES",2003-01-01,40.431391909999995,Demás polos,Textil,Textil
3923309000,"LOS DEMAS BOMBONAS, BOTELLAS, FRASCOS Y ARTICULOS SIMILARES",2003-01-01,39.16228261,Demás bombonas,Manufactura,Manufactura
6109100031,"T-SHIRTDE ALGODON P HOMB.O MUJ.,D TEJ.TEÑIDO D UN SOLO COLOR UNIF.INCL.BLANQLEADOS",2004-01-01,147.40684906,Polo de algodón,Textil,Textil
709200000,"ESPARRAGOS, FRESCOS O REFRIGERADOS",2004-01-01,139.43772692,Espárragos frescos,Agro,Espárragos
6105100041,"CAMISAS D PTO.ALG.C/ABERT.DEL.PARC.,C.Y PUÑ.DE TEJ.ACAN.P HOMB.,TEÑIDO D UN SOLO COLO",2004-01-01,89.6061692,Camisas algodón - H,Textil,Textil
7408110000,ALAMBRE DE COBRE REFINADO CON LA MAYOR DIMENSION DE LA SECCION TRANSV. SUP. A 6 MM,2004-01-01,85.03374845,Alambre de cobre,Minería,Minería
307490000,"DEMAS JIBIAS, GLOBITOS,CALAMARES Y POTAS, CONGELADAS, SECAS, SALADAS O EN SALMUERA",2004-01-01,81.1456266799998,Demás calamares cong.,Molusco,Molusco
2005600000,"ESPARRAGOS PREPARADOS O CONSERVADOS, SIN CONGELAR",2004-01-01,79.17860186,Espárragos preparados,Agro,Espárragos
7113190000,"ART. DE JOYERIA DE LOS DEMAS METALES PRECIOSOS, INCLUSO REVESTIDOS O CHAPADOS",2004-01-01,77.71325704,Joyería,Minería,Minería
2707509000,DEMAS MEZCLAS DE HIDROCARBUROS AROMATICOS QUE DESTILEN 65% O MAS DE SU VOLUMEN,2004-01-01,68.65700636,Demás mezclas de hidroc.,Químico,Químico
6109100039,"LOS DEMAS ""T-SHIRTS"" DE ALGODON, PARA HOMBRES O MUJERES",2004-01-01,67.9494886100001,Demás polos,Textil,Textil
6106100090,"LAS DEMAS CAMISAS,BLUSAS DE PTO.DE ALGODON, PARA MUJERES O NIÑAS",2004-01-01,50.79811279,Camisas algodón - M,Textil,Textil
6109100031,"T-SHIRTDE ALGODON P HOMB.O MUJ.,D TEJ.TEÑIDO D UN SOLO COLOR UNIF.INCL.BLANQLEADOS",2005-01-01,179.61186410000101,Polo de algodón,Textil,Textil
709200000,"ESPARRAGOS, FRESCOS O REFRIGERADOS",2005-01-01,160.17949472,Espárragos frescos,Agro,Espárragos
7408110000,ALAMBRE DE COBRE REFINADO CON LA MAYOR DIMENSION DE LA SECCION TRANSV. SUP. A 6 MM,2005-01-01,117.33599094,Alambre de cobre,Minería,Minería
6105100041,"CAMISAS D PTO.ALG.C/ABERT.DEL.PARC.,C.Y PUÑ.DE TEJ.ACAN.P HOMB.,TEÑIDO D UN SOLO COLO",2005-01-01,103.49949743,Camisas algodón - H,Textil,Textil
904200000,"FRUTOS DE LOS GENEROS CAPSICUM O PIMENTA, SECOS, TRITURADOS O PULVERIZADOS",2005-01-01,95.2942946099999,Pimiento,Agro,Pimiento
307490000,"DEMAS JIBIAS, GLOBITOS,CALAMARES Y POTAS, CONGELADAS, SECAS, SALADAS O EN SALMUERA",2005-01-01,94.71990792999979,Demás calamares cong.,Molusco,Molusco
7113190000,"ART. DE JOYERIA DE LOS DEMAS METALES PRECIOSOS, INCLUSO REVESTIDOS O CHAPADOS",2005-01-01,90.4539819199999,Joyería,Minería,Minería
2005600000,"ESPARRAGOS PREPARADOS O CONSERVADOS, SIN CONGELAR",2005-01-01,82.55969399,Espárragos preparados,Agro,Espárragos
6109100039,"LOS DEMAS ""T-SHIRTS"" DE ALGODON, PARA HOMBRES O MUJERES",2005-01-01,67.181925,Demás polos,Textil,Textil
6114200000,LAS DEMAS PRENDAS DE VESTIR DE PUNTO DE ALGODON,2005-01-01,60.5469483999999,Demás prendas - algodón,Textil,Textil
7408110000,ALAMBRE DE COBRE REFINADO CON LA MAYOR DIMENSION DE LA SECCION TRANSV. SUP. A 6 MM,2006-01-01,239.23309121,Alambre de cobre,Minería,Minería
6109100031,"T-SHIRTDE ALGODON P HOMB.O MUJ.,D TEJ.TEÑIDO D UN SOLO COLOR UNIF.INCL.BLANQLEADOS",2006-01-01,208.40359653,Polo de algodón,Textil,Textil
709200000,"ESPARRAGOS, FRESCOS O REFRIGERADOS",2006-01-01,185.61138746,Espárragos frescos,Agro,Espárragos
6105100041,"CAMISAS D PTO.ALG.C/ABERT.DEL.PARC.,C.Y PUÑ.DE TEJ.ACAN.P HOMB.,TEÑIDO D UN SOLO COLO",2006-01-01,113.68419298,Camisas algodón - H,Textil,Textil
2005600000,"ESPARRAGOS PREPARADOS O CONSERVADOS, SIN CONGELAR",2006-01-01,100.07976774,Espárragos preparados,Agro,Espárragos
7901120000,"CINC SIN ALEAR, CON UN CONTENIDO DE CINC INFERIOR AL 99,99% EN PESO",2006-01-01,99.26603161,Zinc sin alear,Minería,Minería
7113190000,"ART. DE JOYERIA DE LOS DEMAS METALES PRECIOSOS, INCLUSO REVESTIDOS O CHAPADOS",2006-01-01,92.4666911100002,Joyería,Minería,Minería
307490000,"DEMAS JIBIAS, GLOBITOS,CALAMARES Y POTAS, CONGELADAS, SECAS, SALADAS O EN SALMUERA",2006-01-01,90.16355572,Demás calamares cong.,Molusco,Molusco
6109100039,"LOS DEMAS ""T-SHIRTS"" DE ALGODON, PARA HOMBRES O MUJERES",2006-01-01,81.37830885999989,Demás polos,Textil,Textil
904200000,"FRUTOS DE LOS GENEROS CAPSICUM O PIMENTA, SECOS, TRITURADOS O PULVERIZADOS",2006-01-01,72.6036349,Pimiento,Agro,Pimiento
7408110000,ALAMBRE DE COBRE REFINADO CON LA MAYOR DIMENSION DE LA SECCION TRANSV. SUP. A 6 MM,2007-01-01,263.01795395,Alambre de cobre,Minería,Minería
709200000,"ESPARRAGOS, FRESCOS O REFRIGERADOS",2007-01-01,235.707519799999,Espárragos frescos,Agro,Espárragos
6109100031,"T-SHIRTDE ALGODON P HOMB.O MUJ.,D TEJ.TEÑIDO D UN SOLO COLOR UNIF.INCL.BLANQLEADOS",2007-01-01,213.02961188,Polo de algodón,Textil,Textil
2005600000,"ESPARRAGOS PREPARADOS O CONSERVADOS, SIN CONGELAR",2007-01-01,156.23518589,Espárragos preparados,Agro,Espárragos
6109100039,"LOS DEMAS ""T-SHIRTS"" DE ALGODON, PARA HOMBRES O MUJERES",2007-01-01,132.67978509,Demás polos,Textil,Textil
6105100041,"CAMISAS D PTO.ALG.C/ABERT.DEL.PARC.,C.Y PUÑ.DE TEJ.ACAN.P HOMB.,TEÑIDO D UN SOLO COLO",2007-01-01,115.55711138,Camisas algodón - H,Textil,Textil
7901120000,"CINC SIN ALEAR, CON UN CONTENIDO DE CINC INFERIOR AL 99,99% EN PESO",2007-01-01,106.49049205,Zinc sin alear,Minería,Minería
307490000,"DEMAS JIBIAS, GLOBITOS,CALAMARES Y POTAS, CONGELADAS, SECAS, SALADAS O EN SALMUERA",2007-01-01,104.71350063,Demás calamares cong.,Molusco,Molusco
6106100090,"LAS DEMAS CAMISAS,BLUSAS DE PTO.DE ALGODON, PARA MUJERES O NIÑAS",2007-01-01,90.07636448999999,Camisas algodón - M,Textil,Textil
7113190000,"ART. DE JOYERIA DE LOS DEMAS METALES PRECIOSOS, INCLUSO REVESTIDOS O CHAPADOS",2007-01-01,80.8828820800001,Joyería,Minería,Minería
7408110000,ALAMBRE DE COBRE REFINADO CON LA MAYOR DIMENSION DE LA SECCION TRANSV. SUP. A 6 MM,2008-01-01,283.22522279000003,Alambre de cobre,Minería,Minería
709200000,"ESPARRAGOS, FRESCOS O REFRIGERADOS",2008-01-01,225.93067777000002,Espárragos frescos,Agro,Espárragos
6109100031,"T-SHIRTDE ALGODON P HOMB.O MUJ.,D TEJ.TEÑIDO D UN SOLO COLOR UNIF.INCL.BLANQLEADOS",2008-01-01,199.74224990000002,Polo de algodón,Textil,Textil
2005600000,"ESPARRAGOS PREPARADOS O CONSERVADOS, SIN CONGELAR",2008-01-01,178.260410360001,Espárragos preparados,Agro,Espárragos
6109100039,"LOS DEMAS ""T-SHIRTS"" DE ALGODON, PARA HOMBRES O MUJERES",2008-01-01,165.70393836000002,Demás polos,Textil,Textil
307490000,"DEMAS JIBIAS, GLOBITOS,CALAMARES Y POTAS, CONGELADAS, SECAS, SALADAS O EN SALMUERA",2008-01-01,125.28496004,Demás calamares cong.,Molusco,Molusco
6105100041,"CAMISAS D PTO.ALG.C/ABERT.DEL.PARC.,C.Y PUÑ.DE TEJ.ACAN.P HOMB.,TEÑIDO D UN SOLO COLO",2008-01-01,111.49469256,Camisas algodón - H,Textil,Textil
1605909000,"DEMAS MOLUSCOS E INVERTEBRADOS ACUATICOS, PREPARADOS O CONSERVADOS",2008-01-01,99.7420084600002,Demás moluscos,Molusco,Molusco
6106100090,"LAS DEMAS CAMISAS,BLUSAS DE PTO.DE ALGODON, PARA MUJERES O NIÑAS",2008-01-01,90.59769943000009,Camisas algodón - M,Textil,Textil
3920209000,"DEMÁS PLACAS, LAMINAS, HOJAS Y TIRAS DE LOS DEMAS POLIMEROS DE PROPILENO",2008-01-01,86.92880238,Polímeros de propileno,Químico,Químico
709200000,"ESPARRAGOS, FRESCOS O REFRIGERADOS",2009-01-01,247.728517380001,Espárragos frescos,Agro,Espárragos
6109100039,"LOS DEMAS ""T-SHIRTS"" DE ALGODON, PARA HOMBRES O MUJERES",2009-01-01,163.25063432,Demás polos,Textil,Textil
6109100031,"T-SHIRTDE ALGODON P HOMB.O MUJ.,D TEJ.TEÑIDO D UN SOLO COLOR UNIF.INCL.BLANQLEADOS",2009-01-01,154.43959024,Polo de algodón,Textil,Textil
7408110000,ALAMBRE DE COBRE REFINADO CON LA MAYOR DIMENSION DE LA SECCION TRANSV. SUP. A 6 MM,2009-01-01,147.55548947999998,Alambre de cobre,Minería,Minería
806100000,UVAS FRESCAS,2009-01-01,131.2167062,Uvas frescas,Agro,Uvas frescas
2005600000,"ESPARRAGOS PREPARADOS O CONSERVADOS, SIN CONGELAR",2009-01-01,112.37751496999999,Espárragos preparados,Agro,Espárragos
307490000,"DEMAS JIBIAS, GLOBITOS,CALAMARES Y POTAS, CONGELADAS, SECAS, SALADAS O EN SALMUERA",2009-01-01,102.52573529,Demás calamares cong.,Molusco,Molusco
2005991000,ALCACHOFAS (ALCAUCILES) PREPARADAS O CONSERVAS SIN CONGELAR EXCEPTO PRODUCTOS PA. 20.06.,2009-01-01,73.2438686200001,Alcachofas,Agro,Alcachofas
804400000,"AGUACATES (PALTAS) , FRESCAS O SECAS",2009-01-01,67.55249775,Palta,Agro,Palta
904201010,PAPRIKA ENTERA,2009-01-01,66.92955028,Paprika,Agro,Paprika
709200000,"ESPARRAGOS, FRESCOS O REFRIGERADOS",2010-01-01,290.614781360001,Espárragos frescos,Agro,Espárragos
7408110000,ALAMBRE DE COBRE REFINADO CON LA MAYOR DIMENSION DE LA SECCION TRANSV. SUP. A 6 MM,2010-01-01,276.05083010000004,Alambre de cobre,Minería,Minería
806100000,UVAS FRESCAS,2010-01-01,186.22256972,Uvas frescas,Agro,Uvas frescas
307490000,"DEMAS JIBIAS, GLOBITOS,CALAMARES Y POTAS, CONGELADAS, SECAS, SALADAS O EN SALMUERA",2010-01-01,159.16829882,Demás calamares cong.,Molusco,Molusco
6109100031,"T-SHIRTDE ALGODON P HOMB.O MUJ.,D TEJ.TEÑIDO D UN SOLO COLOR UNIF.INCL.BLANQLEADOS",2010-01-01,158.12063381000002,Polo de algodón,Textil,Textil
3205000000,LACAS COLORANTES;PREPARAC. A Q  SE REFIERE LA NOTA 3 DE ESTE CAPIT. A BASE DE LACAS C,2010-01-01,145.20798774000002,Lacas colorantes,Químico,Químico
6109100039,"LOS DEMAS ""T-SHIRTS"" DE ALGODON, PARA HOMBRES O MUJERES",2010-01-01,135.9476321,Demás polos,Textil,Textil
307291000,"VENERAS (VIEIRAS, CONCHA DE ABANICO) CONGELADAS, SECAS, SALADAS O EN SALMUERA",2010-01-01,113.18704007,Concha de abanico,Molusco,Molusco
2005600000,"ESPARRAGOS PREPARADOS O CONSERVADOS, SIN CONGELAR",2010-01-01,106.087817799999,Espárragos preparados,Agro,Espárragos
7901120000,"CINC SIN ALEAR, CON UN CONTENIDO DE CINC INFERIOR AL 99,99% EN PESO",2010-01-01,103.91938672,Zinc sin alear,Minería,Minería
7408110000,ALAMBRE DE COBRE REFINADO CON LA MAYOR DIMENSION DE LA SECCION TRANSV. SUP. A 6 MM,2011-01-01,298.20591592,Alambre de cobre,Minería,Minería
709200000,"ESPARRAGOS, FRESCOS O REFRIGERADOS",2011-01-01,293.67796092000003,Espárragos frescos,Agro,Espárragos
806100000,UVAS FRESCAS,2011-01-01,287.16719054000004,Uvas frescas,Agro,Uvas frescas
2510100000,"FOSFATOS DE CALCIO NATURALES, ALUMINOCALCICOS NATURALES Y CRETAS FOSFATADAS S/MOLER",2011-01-01,235.60648737,Fosfato de calcio,Químico,Químico
307490000,"DEMAS JIBIAS, GLOBITOS,CALAMARES Y POTAS, CONGELADAS, SECAS, SALADAS O EN SALMUERA",2011-01-01,230.75126887000002,Demás calamares cong.,Molusco,Molusco
6109100039,"LOS DEMAS ""T-SHIRTS"" DE ALGODON, PARA HOMBRES O MUJERES",2011-01-01,201.254178409999,Demás polos,Textil,Textil
7901120000,"CINC SIN ALEAR, CON UN CONTENIDO DE CINC INFERIOR AL 99,99% EN PESO",2011-01-01,199.67963281000002,Zinc sin alear,Minería,Minería
1605909000,"DEMAS MOLUSCOS E INVERTEBRADOS ACUATICOS, PREPARADOS O CONSERVADOS",2011-01-01,198.58151662,Demás moluscos,Molusco,Molusco
6109100031,"T-SHIRTDE ALGODON P HOMB.O MUJ.,D TEJ.TEÑIDO D UN SOLO COLOR UNIF.INCL.BLANQLEADOS",2011-01-01,174.372270139999,Polo de algodón,Textil,Textil
804400000,"AGUACATES (PALTAS) , FRESCAS O SECAS",2011-01-01,161.18041404,Palta,Agro,Palta
2510100000,"FOSFATOS DE CALCIO NATURALES, ALUMINOCALCICOS NATURALES Y CRETAS FOSFATADAS S/MOLER",2012-01-01,433.24403060000003,Fosfato de calcio,Químico,Químico
806100000,UVAS FRESCAS,2012-01-01,366.42720100999895,Uvas frescas,Agro,Uvas frescas
709200000,"ESPARRAGOS, FRESCOS O REFRIGERADOS",2012-01-01,343.088016469998,Espárragos frescos,Agro,Espárragos
7408110000,ALAMBRE DE COBRE REFINADO CON LA MAYOR DIMENSION DE LA SECCION TRANSV. SUP. A 6 MM,2012-01-01,280.90738918,Alambre de cobre,Minería,Minería
307490000,"DEMAS JIBIAS, GLOBITOS,CALAMARES Y POTAS, CONGELADAS, SECAS, SALADAS O EN SALMUERA",2012-01-01,238.12848334,Demás calamares cong.,Molusco,Molusco
6109100039,"LOS DEMAS ""T-SHIRTS"" DE ALGODON, PARA HOMBRES O MUJERES",2012-01-01,216.89097622,Demás polos,Textil,Textil
7106912000,PLATA EN BRUTO ALEADA,2012-01-01,206.54413198,Plata aleada,Minería,Minería
7901120000,"CINC SIN ALEAR, CON UN CONTENIDO DE CINC INFERIOR AL 99,99% EN PESO",2012-01-01,172.80668359,Zinc sin alear,Minería,Minería
6109100031,"T-SHIRTDE ALGODON P HOMB.O MUJ.,D TEJ.TEÑIDO D UN SOLO COLOR UNIF.INCL.BLANQLEADOS",2012-01-01,162.98782332,Polo de algodón,Textil,Textil
1605540000,"JIBIAS (SEPIAS) Y CALAMARES, PREPARADAS O EN CONSERVA",2012-01-01,159.12085922,Calamares en cons.,Molusco,Molusco
806100000,UVAS FRESCAS,2013-01-01,442.947814170002,Uvas frescas,Agro,Uvas frescas
709200000,"ESPARRAGOS, FRESCOS O REFRIGERADOS",2013-01-01,413.55366712,Espárragos frescos,Agro,Espárragos
2510100000,"FOSFATOS DE CALCIO NATURALES, ALUMINOCALCICOS NATURALES Y CRETAS FOSFATADAS S/MOLER",2013-01-01,413.22947816000004,Fosfato de calcio,Químico,Químico
307490000,"DEMAS JIBIAS, GLOBITOS,CALAMARES Y POTAS, CONGELADAS, SECAS, SALADAS O EN SALMUERA",2013-01-01,263.17339228,Demás calamares cong.,Molusco,Molusco
7408110000,ALAMBRE DE COBRE REFINADO CON LA MAYOR DIMENSION DE LA SECCION TRANSV. SUP. A 6 MM,2013-01-01,255.91877673,Alambre de cobre,Minería,Minería
7106912000,PLATA EN BRUTO ALEADA,2013-01-01,203.8227436,Plata aleada,Minería,Minería
804400000,"AGUACATES (PALTAS) , FRESCAS O SECAS",2013-01-01,184.285922160001,Palta,Agro,Palta
7901120000,"CINC SIN ALEAR, CON UN CONTENIDO DE CINC INFERIOR AL 99,99% EN PESO",2013-01-01,181.38068016,Zinc sin alear,Minería,Minería
6109100031,"T-SHIRTDE ALGODON P HOMB.O MUJ.,D TEJ.TEÑIDO D UN SOLO COLOR UNIF.INCL.BLANQLEADOS",2013-01-01,159.60169316999998,Polo de algodón,Textil,Textil
307291000,"VENERAS (VIEIRAS, CONCHA DE ABANICO) CONGELADAS, SECAS, SALADAS O EN SALMUERA",2013-01-01,158.53484254,Concha de abanico,Molusco,Molusco
806100000,UVAS FRESCAS,2014-01-01,642.497592120006,Uvas frescas,Agro,Uvas frescas
709200000,"ESPARRAGOS, FRESCOS O REFRIGERADOS",2014-01-01,384.505090379999,Espárragos frescos,Agro,Espárragos
2510100000,"FOSFATOS DE CALCIO NATURALES, ALUMINOCALCICOS NATURALES Y CRETAS FOSFATADAS S/MOLER",2014-01-01,314.45355197000003,Fosfato de calcio,Químico,Químico
804400000,"AGUACATES (PALTAS) , FRESCAS O SECAS",2014-01-01,300.126875240001,Palta,Agro,Palta
307490000,"DEMAS JIBIAS, GLOBITOS,CALAMARES Y POTAS, CONGELADAS, SECAS, SALADAS O EN SALMUERA",2014-01-01,276.11404745,Demás calamares cong.,Molusco,Molusco
7408110000,ALAMBRE DE COBRE REFINADO CON LA MAYOR DIMENSION DE LA SECCION TRANSV. SUP. A 6 MM,2014-01-01,274.8078828,Alambre de cobre,Minería,Minería
1605540000,"JIBIAS (SEPIAS) Y CALAMARES, PREPARADAS O EN CONSERVA",2014-01-01,229.07222231999998,Calamares en cons.,Molusco,Molusco
7901120000,"CINC SIN ALEAR, CON UN CONTENIDO DE CINC INFERIOR AL 99,99% EN PESO",2014-01-01,206.57423785,Zinc sin alear,Minería,Minería
1008509000,LAS DEMAS QUINUA (CHENOPODIUM QUINOA) EXCEPTO PARA LA SIEMBRA,2014-01-01,196.70313291,Quinua,Agro,Quinua
6109100039,"LOS DEMAS ""T-SHIRTS"" DE ALGODON, PARA HOMBRES O MUJERES",2014-01-01,165.67682461,Demás polos,Textil,Textil
806100000,UVAS FRESCAS,2015-01-01,680.012790180001,Uvas frescas,Agro,Uvas frescas
709200000,"ESPARRAGOS, FRESCOS O REFRIGERADOS",2015-01-01,415.64265906999805,Espárragos frescos,Agro,Espárragos
2510100000,"FOSFATOS DE CALCIO NATURALES, ALUMINOCALCICOS NATURALES Y CRETAS FOSFATADAS S/MOLER",2015-01-01,337.71063121,Fosfato de calcio,Químico,Químico
804400000,"AGUACATES (PALTAS) , FRESCAS O SECAS",2015-01-01,306.306043360001,Palta,Agro,Palta
7408110000,ALAMBRE DE COBRE REFINADO CON LA MAYOR DIMENSION DE LA SECCION TRANSV. SUP. A 6 MM,2015-01-01,201.87626691999998,Alambre de cobre,Minería,Minería
307490000,"DEMAS JIBIAS, GLOBITOS,CALAMARES Y POTAS, CONGELADAS, SECAS, SALADAS O EN SALMUERA",2015-01-01,195.10643055999898,Demás calamares cong.,Molusco,Molusco
804502000,"MANGOS Y MANGOSTANES, FRESCOS O SECOS",2015-01-01,188.911433290001,Mango,Agro,Mango
1801001900,"DEMAS CACAO EN GRANO, ENTERO O PARTIDO, CRUDO, EXCEPTO PARA SIEMBRA",2015-01-01,180.05110597,Cacao,Agro,Cacao
7901120000,"CINC SIN ALEAR, CON UN CONTENIDO DE CINC INFERIOR AL 99,99% EN PESO",2015-01-01,178.83761095,Zinc sin alear,Minería,Minería
1605540000,"JIBIAS (SEPIAS) Y CALAMARES, PREPARADAS O EN CONSERVA",2015-01-01,157.11674835,Calamares en cons.,Molusco,Molusco
806100000,UVAS FRESCAS,2016-01-01,635.253068200001,Uvas frescas,Agro,Uvas frescas
709200000,"ESPARRAGOS, FRESCOS O REFRIGERADOS",2016-01-01,413.83194717000003,Espárragos frescos,Agro,Espárragos
804400000,"AGUACATES (PALTAS) , FRESCAS O SECAS",2016-01-01,396.80495536000103,Palta,Agro,Palta
2510100000,"FOSFATOS DE CALCIO NATURALES, ALUMINOCALCICOS NATURALES Y CRETAS FOSFATADAS S/MOLER",2016-01-01,279.29251018,Fosfato de calcio,Químico,Químico
810400000,"ARANDANOS  ROJOS,  MIRTILOS Y DEMAS FRUTOS  DEL  GENERO  VACCINIUM, FRESCOS",2016-01-01,237.74131072000102,Arándanos,Agro,Arándanos
7901120000,"CINC SIN ALEAR, CON UN CONTENIDO DE CINC INFERIOR AL 99,99% EN PESO",2016-01-01,234.73818827000002,Zinc sin alear,Minería,Minería
307490000,"DEMAS JIBIAS, GLOBITOS,CALAMARES Y POTAS, CONGELADAS, SECAS, SALADAS O EN SALMUERA",2016-01-01,192.56898712999998,Demás calamares cong.,Molusco,Molusco
804502000,"MANGOS Y MANGOSTANES, FRESCOS O SECOS",2016-01-01,190.81644322999998,Mango,Agro,Mango
1801001900,"DEMAS CACAO EN GRANO, ENTERO O PARTIDO, CRUDO, EXCEPTO PARA SIEMBRA",2016-01-01,181.33653329,Cacao,Agro,Cacao
7106912000,PLATA EN BRUTO ALEADA,2016-01-01,160.79158392,Plata aleada,Minería,Minería
806100000,UVAS FRESCAS,2017-01-01,618.23202972,Uvas frescas,Agro,Uvas frescas
804400000,"AGUACATES (PALTAS) , FRESCAS O SECAS",2017-01-01,588.238577249996,Palta,Agro,Palta
709200000,"ESPARRAGOS, FRESCOS O REFRIGERADOS",2017-01-01,401.71409105000004,Espárragos frescos,Agro,Espárragos
810400000,"ARANDANOS  ROJOS,  MIRTILOS Y DEMAS FRUTOS  DEL  GENERO  VACCINIUM, FRESCOS",2017-01-01,369.32256005999795,Arándanos,Agro,Arándanos
7901120000,"CINC SIN ALEAR, CON UN CONTENIDO DE CINC INFERIOR AL 99,99% EN PESO",2017-01-01,329.99546339,Zinc sin alear,Minería,Minería
2309909000,DEMAS PREPARACIONES UTILIZADAS PARA LA ALIMENTACION DE LOS ANIMALES,2017-01-01,221.28735339,Alim. de animales,Manufactura,Manufactura
2510100000,"FOSFATOS DE CALCIO NATURALES, ALUMINOCALCICOS NATURALES Y CRETAS FOSFATADAS S/MOLER",2017-01-01,203.62068456,Fosfato de calcio,Químico,Químico
307430000,JIBIAS (SEPIAS)* Y GLOBITOS; CALAMARES Y POTAS CONGELADOS,2017-01-01,192.60729866999998,Calamares cong.,Molusco,Molusco
804502000,"MANGOS Y MANGOSTANES, FRESCOS O SECOS",2017-01-01,180.40339738999998,Mango,Agro,Mango
7408110000,ALAMBRE DE COBRE REFINADO CON LA MAYOR DIMENSION DE LA SECCION TRANSV. SUP. A 6 MM,2017-01-01,180.32258268,Alambre de cobre,Minería,Minería
806100000,UVAS FRESCAS,2018-01-01,756.224377980003,Uvas frescas,Agro,Uvas frescas
804400000,"AGUACATES (PALTAS) , FRESCAS O SECAS",2018-01-01,722.169621789995,Palta,Agro,Palta
810400000,"ARANDANOS  ROJOS,  MIRTILOS Y DEMAS FRUTOS  DEL  GENERO  VACCINIUM, FRESCOS",2018-01-01,540.1523806000009,Arándanos,Agro,Arándanos
709200000,"ESPARRAGOS, FRESCOS O REFRIGERADOS",2018-01-01,377.509854269998,Espárragos frescos,Agro,Espárragos
7901120000,"CINC SIN ALEAR, CON UN CONTENIDO DE CINC INFERIOR AL 99,99% EN PESO",2018-01-01,349.72573114,Zinc sin alear,Minería,Minería
307430000,JIBIAS (SEPIAS)* Y GLOBITOS; CALAMARES Y POTAS CONGELADOS,2018-01-01,348.582916239999,Calamares cong.,Molusco,Molusco
804502000,"MANGOS Y MANGOSTANES, FRESCOS O SECOS",2018-01-01,248.931206900001,Mango,Agro,Mango
1605540000,"JIBIAS (SEPIAS) Y CALAMARES, PREPARADAS O EN CONSERVA",2018-01-01,247.13972303999998,Calamares en cons.,Molusco,Molusco
2309909000,DEMAS PREPARACIONES UTILIZADAS PARA LA ALIMENTACION DE LOS ANIMALES,2018-01-01,232.133022370001,Alim. de animales,Manufactura,Manufactura
2510100000,"FOSFATOS DE CALCIO NATURALES, ALUMINOCALCICOS NATURALES Y CRETAS FOSFATADAS S/MOLER",2018-01-01,217.82019067,Fosfato de calcio,Químico,Químico
806100000,UVAS FRESCAS,2019-01-01,877.55641744999,Uvas frescas,Agro,Uvas frescas
810400000,"ARANDANOS  ROJOS,  MIRTILOS Y DEMAS FRUTOS  DEL  GENERO  VACCINIUM, FRESCOS",2019-01-01,814.5607927900029,Arándanos,Agro,Arándanos
804400000,"AGUACATES (PALTAS) , FRESCAS O SECAS",2019-01-01,757.410040450004,Palta,Agro,Palta
307430000,JIBIAS (SEPIAS)* Y GLOBITOS; CALAMARES Y POTAS CONGELADOS,2019-01-01,578.61381962,Calamares cong.,Molusco,Molusco
709200000,"ESPARRAGOS, FRESCOS O REFRIGERADOS",2019-01-01,400.199310969998,Espárragos frescos,Agro,Espárragos
1605540000,"JIBIAS (SEPIAS) Y CALAMARES, PREPARADAS O EN CONSERVA",2019-01-01,261.83191168,Calamares en cons.,Molusco,Molusco
804502000,"MANGOS Y MANGOSTANES, FRESCOS O SECOS",2019-01-01,260.435210139999,Mango,Agro,Mango
7901120000,"CINC SIN ALEAR, CON UN CONTENIDO DE CINC INFERIOR AL 99,99% EN PESO",2019-01-01,260.42662661,Zinc sin alear,Minería,Minería
7106912000,PLATA EN BRUTO ALEADA,2019-01-01,241.85860141999999,Plata aleada,Minería,Minería
2510100000,"FOSFATOS DE CALCIO NATURALES, ALUMINOCALCICOS NATURALES Y CRETAS FOSFATADAS S/MOLER",2019-01-01,241.81066338,Fosfato de calcio,Químico,Químico
806100000,UVAS FRESCAS,2020-01-01,1020.04946021999,Uvas frescas,Agro,Uvas frescas
810400000,"ARANDANOS  ROJOS,  MIRTILOS Y DEMAS FRUTOS  DEL  GENERO  VACCINIUM, FRESCOS",2020-01-01,983.162867289999,Arándanos,Agro,Arándanos
804400000,"AGUACATES (PALTAS) , FRESCAS O SECAS",2020-01-01,755.277886260004,Palta,Agro,Palta
307430000,JIBIAS (SEPIAS)* Y GLOBITOS; CALAMARES Y POTAS CONGELADOS,2020-01-01,406.806195869999,Calamares cong.,Molusco,Molusco
709200000,"ESPARRAGOS, FRESCOS O REFRIGERADOS",2020-01-01,381.570477519998,Espárragos frescos,Agro,Espárragos
804502000,"MANGOS Y MANGOSTANES, FRESCOS O SECOS",2020-01-01,273.488993789998,Mango,Agro,Mango
2510100000,"FOSFATOS DE CALCIO NATURALES, ALUMINOCALCICOS NATURALES Y CRETAS FOSFATADAS S/MOLER",2020-01-01,186.91402009,Fosfato de calcio,Químico,Químico
7901120000,"CINC SIN ALEAR, CON UN CONTENIDO DE CINC INFERIOR AL 99,99% EN PESO",2020-01-01,182.68523053,Zinc sin alear,Minería,Minería
1605540000,"JIBIAS (SEPIAS) Y CALAMARES, PREPARADAS O EN CONSERVA",2020-01-01,180.93957628,Calamares en cons.,Molusco,Molusco
805299000,WILKINGS E HÍBRIDOS SIMILARES DE AGRIOS (CÍTRICOS) EXCEPTO TANGELO,2020-01-01,179.13903425,Mandarina,Agro,Mandarina
806100000,UVAS FRESCAS,2021-01-01,1249.79733332998,Uvas frescas,Agro,Uvas frescas
810400000,"ARANDANOS  ROJOS,  MIRTILOS Y DEMAS FRUTOS  DEL  GENERO  VACCINIUM, FRESCOS",2021-01-01,1185.50315073,Arándanos,Agro,Arándanos
804400000,"AGUACATES (PALTAS) , FRESCAS O SECAS",2021-01-01,1013.73706072001,Palta,Agro,Palta
307430000,JIBIAS (SEPIAS)* Y GLOBITOS; CALAMARES Y POTAS CONGELADOS,2021-01-01,426.11585206,Calamares cong.,Molusco,Molusco
709200000,"ESPARRAGOS, FRESCOS O REFRIGERADOS",2021-01-01,399.384854580001,Espárragos frescos,Agro,Espárragos
7408110000,ALAMBRE DE COBRE REFINADO CON LA MAYOR DIMENSION DE LA SECCION TRANSV. SUP. A 6 MM,2021-01-01,341.72094208,Alambre de cobre,Minería,Minería
804502000,"MANGOS Y MANGOSTANES, FRESCOS O SECOS",2021-01-01,319.292457769997,Mango,Agro,Mango
2510100000,"FOSFATOS DE CALCIO NATURALES, ALUMINOCALCICOS NATURALES Y CRETAS FOSFATADAS S/MOLER",2021-01-01,303.78473104,Fosfato de calcio,Químico,Químico
7901120000,"CINC SIN ALEAR, CON UN CONTENIDO DE CINC INFERIOR AL 99,99% EN PESO",2021-01-01,279.38151331,Zinc sin alear,Minería,Minería
2309909000,DEMAS PREPARACIONES UTILIZADAS PARA LA ALIMENTACION DE LOS ANIMALES,2021-01-01,188.23240446,Alim. de animales,Manufactura,Manufactura
810400000,"ARANDANOS  ROJOS,  MIRTILOS Y DEMAS FRUTOS  DEL  GENERO  VACCINIUM, FRESCOS",2022-01-01,1366.2902788500198,Arándanos,Agro,Arándanos
806100000,UVAS FRESCAS,2022-01-01,1361.55132029002,Uvas frescas,Agro,Uvas frescas
804400000,"AGUACATES (PALTAS) , FRESCAS O SECAS",2022-01-01,895.053240779991,Palta,Agro,Palta
2510100000,"FOSFATOS DE CALCIO NATURALES, ALUMINOCALCICOS NATURALES Y CRETAS FOSFATADAS S/MOLER",2022-01-01,500.78080037,Fosfato de calcio,Químico,Químico
307430000,JIBIAS (SEPIAS)* Y GLOBITOS; CALAMARES Y POTAS CONGELADOS,2022-01-01,443.998301719999,Calamares cong.,Molusco,Molusco
709200000,"ESPARRAGOS, FRESCOS O REFRIGERADOS",2022-01-01,371.666888010002,Espárragos frescos,Agro,Espárragos
7901120000,"CINC SIN ALEAR, CON UN CONTENIDO DE CINC INFERIOR AL 99,99% EN PESO",2022-01-01,316.97112272000004,Zinc sin alear,Minería,Minería
7408110000,ALAMBRE DE COBRE REFINADO CON LA MAYOR DIMENSION DE LA SECCION TRANSV. SUP. A 6 MM,2022-01-01,305.54534825,Alambre de cobre,Minería,Minería
804502000,"MANGOS Y MANGOSTANES, FRESCOS O SECOS",2022-01-01,300.64664779000196,Mango,Agro,Mango
2309909000,DEMAS PREPARACIONES UTILIZADAS PARA LA ALIMENTACION DE LOS ANIMALES,2022-01-01,263.72295765,Alim. de animales,Manufactura,Manufactura
